Title,Profile Link,Profile ID
New York Smoke Shop (@newyorksmokeshop1) on Instagram,https://www.instagram.com/newyorksmokeshop1/,newyorksmokeshop1
1ADAM'S SMOKE SHOP (@smokeatadams) on Instagram,https://www.instagram.com/smokeatadams/,smokeatadams
El Dorado Smoke Shop (@eldoradosmokeshop_) ... - Instagram,https://www.instagram.com/eldoradosmokeshop_/,eldoradosmokeshop_
E Smoke Shop (@esmokeshops) • Instagram photos and videos,https://www.instagram.com/esmokeshops/,esmokeshops
Tilt City Smoke & Vape Shop (@tiltcitysmokes) • Instagram photos ...,https://www.instagram.com/tiltcitysmokes/,tiltcitysmokes
Smoke Scene (@smokescenenyc) • Instagram photos and videos,https://www.instagram.com/smokescenenyc/,smokescenenyc
EXOTIC SMOKE (@exoticsmoke.nyc) • Instagram photos and videos,https://www.instagram.com/exoticsmoke.nyc/,exoticsmoke.nyc
High Class Smoke & Vape Shop (@highclass.smokeshop ...,https://www.instagram.com/highclass.smokeshop/,highclass.smokeshop
The Smoking Shop - Instagram,https://www.instagram.com/smokingshop_nyc/,smokingshop_nyc
City Smoke Shop (@citysmokeshop_) • Instagram photos and videos,https://www.instagram.com/citysmokeshop_/,citysmokeshop_
Smoke Zone (@sznyc) • Instagram photos and videos,https://www.instagram.com/sznyc/,sznyc
Smokeez Smoke Shop (@smokeezsmoke1) • Instagram photos and ...,https://www.instagram.com/smokeezsmoke1/,smokeezsmoke1
Passion smoke & Convenience (@harlem_exotics_nyc ... - Instagram,https://www.instagram.com/harlem_exotics_nyc/,harlem_exotics_nyc
Wiseguy's Smoke Shop (@wiseguyssmokeshop) • Instagram photos ...,https://www.instagram.com/wiseguyssmokeshop/,wiseguyssmokeshop
PUR VAPE and SMOKE SHOP (@purvapenyc) • Instagram photos ...,https://www.instagram.com/purvapenyc/,purvapenyc
O's Smoke Shop (@os_smokeshop) • Instagram photos and videos,https://www.instagram.com/os_smokeshop/,os_smokeshop
Smoke Shop - Juice bar (@puff_n_passion) on Instagram,https://www.instagram.com/puff_n_passion/,puff_n_passion
Rockland's Hottest Smoke Shop   (@finest.smokeshop ... - Instagram,https://www.instagram.com/finest.smokeshop/,finest.smokeshop
Rockland's Hottest Smoke Shop   (@finest.smokeshop ... - Instagram,https://www.instagram.com/finest.smokeshop/,finest.smokeshop
HOTSPOT SMOKESHOP (@hotspot_smokeshop) • Instagram ...,https://www.instagram.com/hotspot_smokeshop/,hotspot_smokeshop
Faded (@faded.smokeshop) • Instagram photos and videos,https://www.instagram.com/faded.smokeshop/,faded.smokeshop
New Roc City Smokeshop (@nrcsmokeshop) on Instagram,https://www.instagram.com/nrcsmokeshop/,nrcsmokeshop
Zara Smoke Shop (@zarasmokeshop) • Instagram photos and videos,https://www.instagram.com/zarasmokeshop/,zarasmokeshop
Dewey Ave Smoke Shop (@deweysmokeshop) • Instagram photos ...,https://www.instagram.com/deweysmokeshop/,deweysmokeshop
Papa Joe's Smoke Shop (@papajoesva) • Instagram photos and ...,https://www.instagram.com/papajoesva/,papajoesva
